{
    "last_updated": "2024-05",
    "version": "4.0.1-FLATTENED",
    "oralMeds": [
        {
            "name": "Metformin 500mg",
            "dose": "500mg",
            "generic_name": "Metformin",
            "drug_class": "Biguanide",
            "brand_names": [
                "Glycomet 500",
                "Cetapin 500",
                "Obimet 500",
                "Bigomet 500",
                "Riomet 500"
            ],
            "tags": [
                "FIRST_LINE",
                "WEIGHT_NEUTRAL",
                "CV_BENEFIT",
                "CKD_AVOID_IF_LOW_GFR"
            ]
        },
        {
            "name": "Metformin 850mg",
            "dose": "850mg",
            "generic_name": "Metformin",
            "drug_class": "Biguanide",
            "brand_names": [
                "Glycomet 850",
                "Cetapin 850",
                "Obimet 850"
            ],
            "tags": [
                "FIRST_LINE",
                "WEIGHT_NEUTRAL",
                "CV_BENEFIT",
                "CKD_AVOID_IF_LOW_GFR"
            ]
        },
        {
            "name": "Metformin 1000mg",
            "dose": "1000mg",
            "generic_name": "Metformin",
            "drug_class": "Biguanide",
            "brand_names": [
                "Glycomet 1g",
                "Cetapin 1g",
                "Obimet 1g",
                "Gluconorm 1g"
            ],
            "tags": [
                "FIRST_LINE",
                "WEIGHT_NEUTRAL",
                "CV_BENEFIT",
                "CKD_AVOID_IF_LOW_GFR"
            ]
        },
        {
            "name": "Metformin 500mg SR",
            "dose": "500mg SR",
            "generic_name": "Metformin",
            "drug_class": "Biguanide SR",
            "brand_names": [
                "Glycomet SR 500",
                "Cetapin XR 500"
            ],
            "tags": [
                "FIRST_LINE",
                "WEIGHT_NEUTRAL",
                "CV_BENEFIT"
            ]
        },
        {
            "name": "Metformin 1000mg SR",
            "dose": "1000mg SR",
            "generic_name": "Metformin",
            "drug_class": "Biguanide SR",
            "brand_names": [
                "Glycomet SR 1g",
                "Cetapin XR 1g"
            ],
            "tags": [
                "FIRST_LINE",
                "WEIGHT_NEUTRAL",
                "CV_BENEFIT"
            ]
        },
        {
            "name": "Glimepiride 1mg",
            "dose": "1mg",
            "generic_name": "Glimepiride",
            "drug_class": "Sulfonylurea",
            "brand_names": [
                "Amaryl 1",
                "Zoryl 1",
                "Glimestar 1",
                "Jubiglim 1",
                "Euglim 1"
            ],
            "tags": [
                "HIGH_HYPO_RISK",
                "WEIGHT_GAIN",
                "ELDERLY_CAUTION",
                "CKD_CAUTION"
            ]
        },
        {
            "name": "Glimepiride 2mg",
            "dose": "2mg",
            "generic_name": "Glimepiride",
            "drug_class": "Sulfonylurea",
            "brand_names": [
                "Amaryl 2",
                "Zoryl 2",
                "Glimestar 2",
                "Jubiglim 2"
            ],
            "tags": [
                "HIGH_HYPO_RISK",
                "WEIGHT_GAIN",
                "ELDERLY_CAUTION"
            ]
        },
        {
            "name": "Glimepiride 3mg",
            "dose": "3mg",
            "generic_name": "Glimepiride",
            "drug_class": "Sulfonylurea",
            "brand_names": [
                "Amaryl 3",
                "Zoryl 3",
                "Glimestar 3"
            ],
            "tags": [
                "HIGH_HYPO_RISK",
                "WEIGHT_GAIN",
                "ELDERLY_CAUTION"
            ]
        },
        {
            "name": "Glimepiride 4mg",
            "dose": "4mg",
            "generic_name": "Glimepiride",
            "drug_class": "Sulfonylurea",
            "brand_names": [
                "Amaryl 4",
                "Zoryl 4"
            ],
            "tags": [
                "HIGH_HYPO_RISK",
                "WEIGHT_GAIN",
                "ELDERLY_CAUTION"
            ]
        },
        {
            "name": "Gliclazide MR 30mg",
            "dose": "30mg MR",
            "generic_name": "Gliclazide",
            "drug_class": "Sulfonylurea",
            "brand_names": [
                "Diamicron MR 30",
                "Reclide MR 30",
                "Glizid MR 30",
                "Cyblex 30"
            ],
            "tags": [
                "MODERATE_HYPO_RISK",
                "WEIGHT_GAIN",
                "RENAL_SAFE_MILD"
            ]
        },
        {
            "name": "Gliclazide MR 60mg",
            "dose": "60mg MR",
            "generic_name": "Gliclazide",
            "drug_class": "Sulfonylurea",
            "brand_names": [
                "Diamicron MR 60",
                "Reclide MR 60",
                "Glizid MR 60",
                "Glycinorm 60"
            ],
            "tags": [
                "MODERATE_HYPO_RISK",
                "WEIGHT_GAIN",
                "RENAL_SAFE_MILD"
            ]
        },
        {
            "name": "Glibenclamide 2.5mg",
            "dose": "2.5mg",
            "generic_name": "Glibenclamide",
            "drug_class": "Sulfonylurea",
            "brand_names": [
                "Daonil 2.5",
                "Euglucon"
            ],
            "tags": [
                "HIGH_HYPO_RISK",
                "WEIGHT_GAIN",
                "ELDERLY_AVOID",
                "CKD_AVOID"
            ]
        },
        {
            "name": "Glibenclamide 5mg",
            "dose": "5mg",
            "generic_name": "Glibenclamide",
            "drug_class": "Sulfonylurea",
            "brand_names": [
                "Daonil 5"
            ],
            "tags": [
                "HIGH_HYPO_RISK",
                "WEIGHT_GAIN",
                "ELDERLY_AVOID",
                "CKD_AVOID"
            ]
        },
        {
            "name": "Repaglinide 0.5mg",
            "dose": "0.5mg",
            "generic_name": "Repaglinide",
            "drug_class": "Meglitinide",
            "brand_names": [
                "Prandin 0.5",
                "Eurepa 0.5",
                "Rapilin 0.5"
            ],
            "tags": [
                "SHORT_ACTING",
                "MEALTIME",
                "RENAL_SAFE_MILD"
            ]
        },
        {
            "name": "Repaglinide 1mg",
            "dose": "1mg",
            "generic_name": "Repaglinide",
            "drug_class": "Meglitinide",
            "brand_names": [
                "Prandin 1",
                "Eurepa 1"
            ],
            "tags": [
                "SHORT_ACTING",
                "MEALTIME"
            ]
        },
        {
            "name": "Repaglinide 2mg",
            "dose": "2mg",
            "generic_name": "Repaglinide",
            "drug_class": "Meglitinide",
            "brand_names": [
                "Prandin 2"
            ],
            "tags": [
                "SHORT_ACTING",
                "MEALTIME"
            ]
        },
        {
            "name": "Pioglitazone 15mg",
            "dose": "15mg",
            "generic_name": "Pioglitazone",
            "drug_class": "TZD",
            "brand_names": [
                "Pioz 15",
                "Zactos 15",
                "Pioglit 15",
                "Actos 15"
            ],
            "tags": [
                "WEIGHT_GAIN",
                "HF_AVOID",
                "CV_BENEFIT",
                "EDEMA"
            ]
        },
        {
            "name": "Pioglitazone 30mg",
            "dose": "30mg",
            "generic_name": "Pioglitazone",
            "drug_class": "TZD",
            "brand_names": [
                "Pioz 30",
                "Zactos 30",
                "Pioglit 30",
                "Actos 30"
            ],
            "tags": [
                "WEIGHT_GAIN",
                "HF_AVOID",
                "CV_BENEFIT",
                "EDEMA"
            ]
        },
        {
            "name": "Lobeglitazone 0.5mg",
            "dose": "0.5mg",
            "generic_name": "Lobeglitazone",
            "drug_class": "TZD",
            "brand_names": [
                "LOBG",
                "Lobe"
            ],
            "tags": [
                "WEIGHT_GAIN",
                "HF_AVOID",
                "EDEMA"
            ]
        },
        {
            "name": "Sitagliptin 25mg",
            "dose": "25mg",
            "generic_name": "Sitagliptin",
            "drug_class": "DPP4 Inhibitor",
            "brand_names": [
                "Januvia 25",
                "Istavel 25",
                "Sitara 25"
            ],
            "tags": [
                "WEIGHT_NEUTRAL",
                "RENAL_DOSE_ADJUST"
            ]
        },
        {
            "name": "Sitagliptin 50mg",
            "dose": "50mg",
            "generic_name": "Sitagliptin",
            "drug_class": "DPP4 Inhibitor",
            "brand_names": [
                "Januvia 50",
                "Istavel 50",
                "Sitara 50"
            ],
            "tags": [
                "WEIGHT_NEUTRAL",
                "RENAL_DOSE_ADJUST"
            ]
        },
        {
            "name": "Sitagliptin 100mg",
            "dose": "100mg",
            "generic_name": "Sitagliptin",
            "drug_class": "DPP4 Inhibitor",
            "brand_names": [
                "Januvia 100",
                "Istavel 100"
            ],
            "tags": [
                "WEIGHT_NEUTRAL",
                "RENAL_DOSE_ADJUST"
            ]
        },
        {
            "name": "Vildagliptin 50mg",
            "dose": "50mg",
            "generic_name": "Vildagliptin",
            "drug_class": "DPP4 Inhibitor",
            "brand_names": [
                "Galvus 50",
                "Jalra 50",
                "Zomelis 50",
                "Vinglyn 50"
            ],
            "tags": [
                "WEIGHT_NEUTRAL",
                "RENAL_DOSE_REDUCE"
            ]
        },
        {
            "name": "Vildagliptin 100mg",
            "dose": "100mg",
            "generic_name": "Vildagliptin",
            "drug_class": "DPP4 Inhibitor",
            "brand_names": [
                "Galvus 100"
            ],
            "tags": [
                "WEIGHT_NEUTRAL",
                "RENAL_DOSE_REDUCE"
            ]
        },
        {
            "name": "Teneligliptin 20mg",
            "dose": "20mg",
            "generic_name": "Teneligliptin",
            "drug_class": "DPP4 Inhibitor",
            "brand_names": [
                "Tenet",
                "Tenglyn",
                "Zita Plus",
                "Tenel",
                "Dynaglipt"
            ],
            "tags": [
                "WEIGHT_NEUTRAL",
                "RENAL_SAFE"
            ]
        },
        {
            "name": "Linagliptin 5mg",
            "dose": "5mg",
            "generic_name": "Linagliptin",
            "drug_class": "DPP4 Inhibitor",
            "brand_names": [
                "Trajenta",
                "Ondero"
            ],
            "tags": [
                "WEIGHT_NEUTRAL",
                "RENAL_SAFE_ANY_GFR"
            ]
        },
        {
            "name": "Dapagliflozin 5mg",
            "dose": "5mg",
            "generic_name": "Dapagliflozin",
            "drug_class": "SGLT2 Inhibitor",
            "brand_names": [
                "Forxiga 5",
                "Oxra 5",
                "Dapayne 5"
            ],
            "tags": [
                "WEIGHT_LOSS",
                "HF_BENEFIT",
                "CKD_BENEFIT",
                "GENITAL_HYGIENE"
            ]
        },
        {
            "name": "Dapagliflozin 10mg",
            "dose": "10mg",
            "generic_name": "Dapagliflozin",
            "drug_class": "SGLT2 Inhibitor",
            "brand_names": [
                "Forxiga 10",
                "Oxra 10"
            ],
            "tags": [
                "WEIGHT_LOSS",
                "HF_BENEFIT",
                "CKD_BENEFIT",
                "GENITAL_HYGIENE"
            ]
        },
        {
            "name": "Empagliflozin 10mg",
            "dose": "10mg",
            "generic_name": "Empagliflozin",
            "drug_class": "SGLT2 Inhibitor",
            "brand_names": [
                "Jardiance 10",
                "Gibtulio 10"
            ],
            "tags": [
                "WEIGHT_LOSS",
                "HF_BENEFIT",
                "CKD_BENEFIT"
            ]
        },
        {
            "name": "Empagliflozin 25mg",
            "dose": "25mg",
            "generic_name": "Empagliflozin",
            "drug_class": "SGLT2 Inhibitor",
            "brand_names": [
                "Jardiance 25",
                "Gibtulio 25"
            ],
            "tags": [
                "WEIGHT_LOSS",
                "HF_BENEFIT",
                "CKD_BENEFIT"
            ]
        },
        {
            "name": "Canagliflozin 100mg",
            "dose": "100mg",
            "generic_name": "Canagliflozin",
            "drug_class": "SGLT2 Inhibitor",
            "brand_names": [
                "Invokana 100",
                "Sulisent 100"
            ],
            "tags": [
                "WEIGHT_LOSS",
                "HF_BENEFIT",
                "CKD_BENEFIT",
                "AMPUTATION_RISK"
            ]
        },
        {
            "name": "Canagliflozin 300mg",
            "dose": "300mg",
            "generic_name": "Canagliflozin",
            "drug_class": "SGLT2 Inhibitor",
            "brand_names": [
                "Invokana 300",
                "Sulisent 300"
            ],
            "tags": [
                "WEIGHT_LOSS",
                "HF_BENEFIT",
                "CKD_BENEFIT",
                "AMPUTATION_RISK"
            ]
        },
        {
            "name": "Remogliflozin 100mg",
            "dose": "100mg",
            "generic_name": "Remogliflozin",
            "drug_class": "SGLT2 Inhibitor",
            "brand_names": [
                "Remoglif",
                "Remo"
            ],
            "tags": [
                "WEIGHT_LOSS",
                "CKD_AVOID"
            ]
        },
        {
            "name": "Imeglimin 500mg",
            "dose": "500mg",
            "generic_name": "Imeglimin",
            "drug_class": "Glimin",
            "brand_names": [
                "Imeglim 500",
                "Glimy 500",
                "Zimeg 500",
                "Gemimy 500"
            ],
            "tags": [
                "NOVEL_MECHANISM",
                "RENAL_DOSE_REDUCE"
            ]
        },
        {
            "name": "Imeglimin 1000mg",
            "dose": "1000mg",
            "generic_name": "Imeglimin",
            "drug_class": "Glimin",
            "brand_names": [
                "Imeglim 1000",
                "Glimy 1000"
            ],
            "tags": [
                "NOVEL_MECHANISM",
                "RENAL_DOSE_REDUCE"
            ]
        },
        {
            "name": "Saroglitazar 4mg",
            "dose": "4mg",
            "generic_name": "Saroglitazar",
            "drug_class": "Glitazar",
            "brand_names": [
                "Lipaglyn",
                "Bilypsa"
            ],
            "tags": [
                "TRIGLYCERIDE_LOWERING",
                "LIVER_SAFE"
            ]
        },
        {
            "name": "Voglibose 0.2mg",
            "dose": "0.2mg",
            "generic_name": "Voglibose",
            "drug_class": "Alpha-Glucosidase Inhibitor",
            "brand_names": [
                "Volibo 0.2",
                "Voglistar 0.2",
                "Basen 0.2",
                "PPG 0.2"
            ],
            "tags": [
                "WEIGHT_NEUTRAL",
                "FLATULENCE",
                "PP_GLUCOSE_CONTROL"
            ]
        },
        {
            "name": "Voglibose 0.3mg",
            "dose": "0.3mg",
            "generic_name": "Voglibose",
            "drug_class": "Alpha-Glucosidase Inhibitor",
            "brand_names": [
                "Volibo 0.3",
                "Voglistar 0.3"
            ],
            "tags": [
                "WEIGHT_NEUTRAL",
                "FLATULENCE",
                "PP_GLUCOSE_CONTROL"
            ]
        },
        {
            "name": "Acarbose 25mg",
            "dose": "25mg",
            "generic_name": "Acarbose",
            "drug_class": "Alpha-Glucosidase Inhibitor",
            "brand_names": [
                "Glucobay 25",
                "Acarboz 25",
                "Precose 25"
            ],
            "tags": [
                "WEIGHT_NEUTRAL",
                "FLATULENCE",
                "PP_GLUCOSE_CONTROL"
            ]
        },
        {
            "name": "Acarbose 50mg",
            "dose": "50mg",
            "generic_name": "Acarbose",
            "drug_class": "Alpha-Glucosidase Inhibitor",
            "brand_names": [
                "Glucobay 50",
                "Acarboz 50"
            ],
            "tags": [
                "WEIGHT_NEUTRAL",
                "FLATULENCE",
                "PP_GLUCOSE_CONTROL"
            ]
        },
        {
            "name": "Metformin 500mg + Glimepiride 1mg",
            "dose": "500/1mg",
            "generic_name": "Metformin + Glimepiride",
            "drug_class": "Dual Combination",
            "brand_names": [
                "Jubiglim M 500/1",
                "Glimestar M 1",
                "Zoryl M 1",
                "Glycomet-GP 1",
                "Amaryl M 1"
            ],
            "tags": [
                "HIGH_HYPO_RISK",
                "WEIGHT_GAIN",
                "CV_BENEFIT"
            ]
        },
        {
            "name": "Metformin 500mg + Glimepiride 2mg",
            "dose": "500/2mg",
            "generic_name": "Metformin + Glimepiride",
            "drug_class": "Dual Combination",
            "brand_names": [
                "Jubiglim M 500/2",
                "Glimestar M 2",
                "Zoryl M 2",
                "Glycomet-GP 2"
            ],
            "tags": [
                "HIGH_HYPO_RISK",
                "WEIGHT_GAIN",
                "CV_BENEFIT"
            ]
        },
        {
            "name": "Metformin 1000mg + Glimepiride 2mg",
            "dose": "1000/2mg",
            "generic_name": "Metformin + Glimepiride",
            "drug_class": "Dual Combination",
            "brand_names": [
                "Glycomet-GP 2 Forte",
                "Amaryl M 1000/2"
            ],
            "tags": [
                "HIGH_HYPO_RISK",
                "WEIGHT_GAIN",
                "CV_BENEFIT"
            ]
        },
        {
            "name": "Metformin 500mg + Gliclazide 30mg",
            "dose": "500/30mg",
            "generic_name": "Metformin + Gliclazide",
            "drug_class": "Dual Combination",
            "brand_names": [
                "Cyblex M 500/30",
                "Reclide M",
                "Glizid M"
            ],
            "tags": [
                "MODERATE_HYPO_RISK",
                "WEIGHT_GAIN",
                "CV_BENEFIT"
            ]
        },
        {
            "name": "Metformin 500mg + Gliclazide 60mg",
            "dose": "500/60mg",
            "generic_name": "Metformin + Gliclazide",
            "drug_class": "Dual Combination",
            "brand_names": [
                "Diamicron XR Mex"
            ],
            "tags": [
                "MODERATE_HYPO_RISK",
                "WEIGHT_GAIN",
                "CV_BENEFIT"
            ]
        },
        {
            "name": "Metformin 500mg + Sitagliptin 50mg",
            "dose": "500/50mg",
            "generic_name": "Metformin + Sitagliptin",
            "drug_class": "Dual Combination",
            "brand_names": [
                "Janumet 500/50",
                "Istamet 500/50",
                "Zita-Met 500/50"
            ],
            "tags": [
                "WEIGHT_NEUTRAL",
                "CV_BENEFIT"
            ]
        },
        {
            "name": "Metformin 1000mg + Sitagliptin 50mg",
            "dose": "1000/50mg",
            "generic_name": "Metformin + Sitagliptin",
            "drug_class": "Dual Combination",
            "brand_names": [
                "Janumet 1000/50",
                "Istamet 1000/50"
            ],
            "tags": [
                "WEIGHT_NEUTRAL",
                "CV_BENEFIT"
            ]
        },
        {
            "name": "Metformin 500mg + Vildagliptin 50mg",
            "dose": "500/50mg",
            "generic_name": "Metformin + Vildagliptin",
            "drug_class": "Dual Combination",
            "brand_names": [
                "Galvus Met 500/50",
                "Jalra-M 500/50",
                "Jubiglim V 500/50"
            ],
            "tags": [
                "WEIGHT_NEUTRAL",
                "CV_BENEFIT"
            ]
        },
        {
            "name": "Metformin 850mg + Vildagliptin 50mg",
            "dose": "850/50mg",
            "generic_name": "Metformin + Vildagliptin",
            "drug_class": "Dual Combination",
            "brand_names": [
                "Galvus Met 850/50"
            ],
            "tags": [
                "WEIGHT_NEUTRAL",
                "CV_BENEFIT"
            ]
        },
        {
            "name": "Metformin 1000mg + Vildagliptin 50mg",
            "dose": "1000/50mg",
            "generic_name": "Metformin + Vildagliptin",
            "drug_class": "Dual Combination",
            "brand_names": [
                "Galvus Met 1000/50",
                "Jalra-M 1000/50"
            ],
            "tags": [
                "WEIGHT_NEUTRAL",
                "CV_BENEFIT"
            ]
        },
        {
            "name": "Metformin 500mg + Teneligliptin 20mg",
            "dose": "500/20mg",
            "generic_name": "Metformin + Teneligliptin",
            "drug_class": "Dual Combination",
            "brand_names": [
                "Teneza-M 500/20",
                "Tenelim-M 500/20",
                "Zita-Met Plus"
            ],
            "tags": [
                "WEIGHT_NEUTRAL",
                "RENAL_SAFE"
            ]
        },
        {
            "name": "Metformin 1000mg + Teneligliptin 20mg",
            "dose": "1000/20mg",
            "generic_name": "Metformin + Teneligliptin",
            "drug_class": "Dual Combination",
            "brand_names": [
                "Teneza-M 1000/20",
                "Tenelim-M 1000/20"
            ],
            "tags": [
                "WEIGHT_NEUTRAL",
                "RENAL_SAFE"
            ]
        },
        {
            "name": "Metformin 500mg + Dapagliflozin 10mg",
            "dose": "500/10mg",
            "generic_name": "Metformin + Dapagliflozin",
            "drug_class": "Dual Combination",
            "brand_names": [
                "Xigduo 500/10",
                "Oxra-M 500/10",
                "Dapa-M"
            ],
            "tags": [
                "WEIGHT_LOSS",
                "HF_BENEFIT",
                "CKD_BENEFIT"
            ]
        },
        {
            "name": "Metformin 1000mg + Dapagliflozin 10mg",
            "dose": "1000/10mg",
            "generic_name": "Metformin + Dapagliflozin",
            "drug_class": "Dual Combination",
            "brand_names": [
                "Xigduo 1000/10",
                "Oxra-M 1000/10"
            ],
            "tags": [
                "WEIGHT_LOSS",
                "HF_BENEFIT",
                "CKD_BENEFIT"
            ]
        },
        {
            "name": "Metformin 500mg + Empagliflozin 12.5mg",
            "dose": "500/12.5mg",
            "generic_name": "Metformin + Empagliflozin",
            "drug_class": "Dual Combination",
            "brand_names": [
                "Jardiance Met 500/12.5",
                "Synjardy",
                "Gibtulio Met"
            ],
            "tags": [
                "WEIGHT_LOSS",
                "HF_BENEFIT",
                "CKD_BENEFIT"
            ]
        },
        {
            "name": "Metformin 1000mg + Empagliflozin 12.5mg",
            "dose": "1000/12.5mg",
            "generic_name": "Metformin + Empagliflozin",
            "drug_class": "Dual Combination",
            "brand_names": [
                "Jardiance Met 1000/12.5",
                "Synjardy 1000/12.5"
            ],
            "tags": [
                "WEIGHT_LOSS",
                "HF_BENEFIT",
                "CKD_BENEFIT"
            ]
        },
        {
            "name": "Vildagliptin 50mg + Dapagliflozin 10mg",
            "dose": "50/10mg",
            "generic_name": "Vildagliptin + Dapagliflozin",
            "drug_class": "Dual Combination (No Metformin)",
            "brand_names": [
                "Jalra DP",
                "Glyduo",
                "Vildamac D"
            ],
            "tags": [
                "WEIGHT_LOSS",
                "HF_BENEFIT",
                "RENAL_DOSE_REDUCE"
            ]
        },
        {
            "name": "Sitagliptin 50mg + Dapagliflozin 10mg",
            "dose": "50/10mg",
            "generic_name": "Sitagliptin + Dapagliflozin",
            "drug_class": "Dual Combination (No Metformin)",
            "brand_names": [
                "Sitamer D",
                "Sidacor"
            ],
            "tags": [
                "WEIGHT_LOSS",
                "HF_BENEFIT",
                "RENAL_DOSE_REDUCE"
            ]
        },
        {
            "name": "Sitagliptin 100mg + Dapagliflozin 10mg",
            "dose": "100/10mg",
            "generic_name": "Sitagliptin + Dapagliflozin",
            "drug_class": "Dual Combination (No Metformin)",
            "brand_names": [
                "Sitamer D 100/10"
            ],
            "tags": [
                "WEIGHT_LOSS",
                "HF_BENEFIT",
                "RENAL_DOSE_REDUCE"
            ]
        },
        {
            "name": "Metformin 500mg + Glimepiride 0.2mg + Voglibose",
            "dose": "500/0.2/1mg",
            "generic_name": "Metformin + Glimepiride + Voglibose",
            "drug_class": "Triple Combination",
            "brand_names": [
                "Jubiglim MV",
                "Glycomet Trio",
                "Volix Trio",
                "Gluconorm-VG"
            ],
            "tags": [
                "HIGH_HYPO_RISK",
                "WEIGHT_GAIN",
                "ELDERLY_AVOID"
            ]
        },
        {
            "name": "Metformin 500mg + Glimepiride 0.3mg + Voglibose",
            "dose": "500/0.3/1mg",
            "generic_name": "Metformin + Glimepiride + Voglibose",
            "drug_class": "Triple Combination",
            "brand_names": [
                "Voglimet-GM",
                "Glimestar PM"
            ],
            "tags": [
                "HIGH_HYPO_RISK",
                "FLATULENCE"
            ]
        },
        {
            "name": "Metformin 500mg + Glimepiride 1mg + Pioglitazone 15mg",
            "dose": "500/1/15mg",
            "generic_name": "Metformin + Glimepiride + Pioglitazone",
            "drug_class": "Triple Combination",
            "brand_names": [
                "Jubiglim Trio",
                "Tribet P",
                "Accuglim MP",
                "Zoryl MP",
                "Glimy-MP",
                "Tripride"
            ],
            "tags": [
                "HIGH_HYPO_RISK",
                "WEIGHT_GAIN",
                "HF_AVOID",
                "ELDERLY_AVOID"
            ]
        },
        {
            "name": "Metformin 500mg + Glimepiride 2mg + Pioglitazone 15mg",
            "dose": "500/2/15mg",
            "generic_name": "Metformin + Glimepiride + Pioglitazone",
            "drug_class": "Triple Combination",
            "brand_names": [
                "Tripride 2",
                "Glimy-MP 2"
            ],
            "tags": [
                "HIGH_HYPO_RISK",
                "WEIGHT_GAIN",
                "HF_AVOID"
            ]
        },
        {
            "name": "Metformin 500mg + Gliclazide 60mg + Voglibose 0.2mg",
            "dose": "500/60/0.2mg",
            "generic_name": "Metformin + Gliclazide + Voglibose",
            "drug_class": "Triple Combination",
            "brand_names": [
                "Cyblex MV",
                "Gliclaglaze Trio"
            ],
            "tags": [
                "MODERATE_HYPO_RISK",
                "WEIGHT_GAIN"
            ]
        },
        {
            "name": "Metformin 500mg + Vildagliptin 50mg + Dapagliflozin 10mg",
            "dose": "500/50/10mg",
            "generic_name": "Metformin + Vildagliptin + Dapagliflozin",
            "drug_class": "Triple Combination",
            "brand_names": [
                "Javild Trio",
                "Vildamac D Met",
                "Sugaflo MV"
            ],
            "tags": [
                "WEIGHT_LOSS",
                "HF_BENEFIT",
                "CKD_BENEFIT"
            ]
        },
        {
            "name": "Metformin 1000mg + Sitagliptin 50mg + Dapagliflozin 10mg",
            "dose": "1000/50/10mg",
            "generic_name": "Metformin + Sitagliptin + Dapagliflozin",
            "drug_class": "Triple Combination",
            "brand_names": [
                "Sitamer D Met",
                "Sidacor M",
                "Qtrilmet",
                "Qternmet XR"
            ],
            "tags": [
                "WEIGHT_LOSS",
                "HF_BENEFIT",
                "CKD_BENEFIT"
            ]
        },
        {
            "name": "Metformin 500mg + Teneligliptin 20mg + Dapagliflozin 10mg",
            "dose": "500/20/10mg",
            "generic_name": "Metformin + Teneligliptin + Dapagliflozin",
            "drug_class": "Triple Combination",
            "brand_names": [
                "Zita-DM",
                "Teneza-DM"
            ],
            "tags": [
                "WEIGHT_LOSS",
                "HF_BENEFIT",
                "CKD_BENEFIT"
            ]
        },
        {
            "name": "Metformin 500mg + Vildagliptin 50mg + Remogliflozin 100mg",
            "dose": "500/50/100mg",
            "generic_name": "Metformin + Vildagliptin + Remogliflozin",
            "drug_class": "Triple Combination",
            "brand_names": [
                "Remo MV",
                "Remozen MV"
            ],
            "tags": [
                "WEIGHT_LOSS",
                "CKD_AVOID"
            ]
        }
    ],
    "insulins": [
        {
            "name": "Regular Insulin (Actrapid)",
            "generic_name": "Regular Soluble Insulin",
            "type": "Short Acting",
            "brand_names": [
                "Actrapid",
                "Huminsulin R",
                "Insugen R",
                "Wosulin R",
                "Lupisulin R"
            ],
            "onset": "30-60 min",
            "peak": "2-4 hrs",
            "duration": "6-8 hrs",
            "timing": "30 mins before meal",
            "tags": [
                "SHORT_ACTING",
                "MEALTIME",
                "SAFE_PREGNANCY",
                "HIGH_HYPO_RISK"
            ]
        },
        {
            "name": "NPH Insulin (Insulatard)",
            "generic_name": "Isophane Insulin (NPH)",
            "type": "Intermediate",
            "brand_names": [
                "Insulatard",
                "Huminsulin N",
                "Insugen N",
                "Wosulin N",
                "Lupisulin N"
            ],
            "onset": "1-2 hrs",
            "peak": "4-10 hrs",
            "duration": "12-18 hrs",
            "timing": "Bedtime or Twice daily",
            "tags": [
                "INTERMEDIATE",
                "BASAL",
                "SAFE_PREGNANCY",
                "NOCTURNAL_HYPO_RISK"
            ]
        },
        {
            "name": "Insulin Aspart (NovoRapid)",
            "generic_name": "Insulin Aspart",
            "type": "Rapid Analog",
            "brand_names": [
                "NovoRapid",
                "Fiasp",
                "I-Aspart"
            ],
            "onset": "10-20 min",
            "peak": "1-3 hrs",
            "duration": "3-5 hrs",
            "timing": "Just before meal",
            "tags": [
                "RAPID_ACTING",
                "FLEXIBLE_TIMING",
                "SAFE_PREGNANCY",
                "LESS_HYPO"
            ]
        },
        {
            "name": "Insulin Lispro (Humalog)",
            "generic_name": "Insulin Lispro",
            "type": "Rapid Analog",
            "brand_names": [
                "Humalog",
                "Eglucent",
                "Liprolog"
            ],
            "onset": "10-15 min",
            "peak": "1 hr",
            "duration": "3-5 hrs",
            "timing": "Just before meal",
            "tags": [
                "RAPID_ACTING",
                "FLEXIBLE_TIMING",
                "SAFE_PREGNANCY"
            ]
        },
        {
            "name": "Insulin Glulisine (Apidra)",
            "generic_name": "Insulin Glulisine",
            "type": "Rapid Analog",
            "brand_names": [
                "Apidra"
            ],
            "onset": "10-15 min",
            "peak": "1 hr",
            "duration": "3-5 hrs",
            "tags": [
                "RAPID_ACTING",
                "SAFE_PREGNANCY"
            ]
        },
        {
            "name": "Insulin Glargine U-100 (Lantus)",
            "generic_name": "Insulin Glargine (U-100)",
            "type": "Basal Analog",
            "brand_names": [
                "Lantus",
                "Basalog",
                "Glaritus",
                "Basugine"
            ],
            "onset": "1-2 hrs",
            "peak": "None (Flat)",
            "duration": "24 hrs",
            "timing": "Fixed time daily",
            "tags": [
                "BASAL",
                "PEAKLESS",
                "ONCE_DAILY",
                "LOW_HYPO_RISK"
            ]
        },
        {
            "name": "Insulin Glargine U-300 (Toujeo)",
            "generic_name": "Insulin Glargine (U-300)",
            "type": "Basal Analog",
            "brand_names": [
                "Toujeo"
            ],
            "onset": "6 hrs",
            "peak": "None",
            "duration": "30-36 hrs",
            "tags": [
                "BASAL",
                "STABLE",
                "LOW_NOCTURNAL_HYPO"
            ]
        },
        {
            "name": "Insulin Detemir (Levemir)",
            "generic_name": "Insulin Detemir",
            "type": "Basal Analog",
            "brand_names": [
                "Levemir"
            ],
            "onset": "1-2 hrs",
            "peak": "Minimal",
            "duration": "18-24 hrs",
            "tags": [
                "BASAL",
                "TWICE_DAILY_POSSIBLE"
            ]
        },
        {
            "name": "Insulin Degludec (Tresiba)",
            "generic_name": "Insulin Degludec",
            "type": "Basal Analog",
            "brand_names": [
                "Tresiba"
            ],
            "onset": "1 hr",
            "peak": "None",
            "duration": ">42 hrs",
            "tags": [
                "BASAL",
                "ULTRA_LONG",
                "FLEXIBLE_TIMING",
                "LOWEST_HYPO_RISK"
            ]
        },
        {
            "name": "Premix 30/70 (Mixtard)",
            "generic_name": "Biphasic Isophane Insulin (30/70)",
            "type": "Premix",
            "brand_names": [
                "Mixtard 30",
                "Huminsulin 30/70",
                "Insugen 30/70",
                "Wosulin 30/70"
            ],
            "onset": "30 min",
            "peak": "Dual",
            "duration": "10-16 hrs",
            "timing": "30 mins before breakfast/dinner",
            "tags": [
                "PREMIX",
                "FIXED_RATIO",
                "HIGH_HYPO_RISK"
            ]
        },
        {
            "name": "Aspart Premix 30 (NovoMix)",
            "generic_name": "Biphasic Aspart (30/70)",
            "type": "Analog Premix",
            "brand_names": [
                "NovoMix 30"
            ],
            "onset": "10-20 min",
            "peak": "Dual",
            "duration": "14-24 hrs",
            "tags": [
                "PREMIX",
                "RAPID_ONSET",
                "BETTER_PP_CONTROL"
            ]
        },
        {
            "name": "Lispro Premix 25 (Humalog Mix)",
            "generic_name": "Biphasic Lispro (25/75)",
            "type": "Analog Premix",
            "brand_names": [
                "Humalog Mix 25",
                "Eglucent Mix 25"
            ],
            "onset": "10-15 min",
            "peak": "Dual",
            "duration": "14-24 hrs",
            "tags": [
                "PREMIX",
                "RAPID_ONSET"
            ]
        },
        {
            "name": "Lispro Premix 50 (Humalog Mix)",
            "generic_name": "Biphasic Lispro (50/50)",
            "type": "Analog Premix",
            "brand_names": [
                "Humalog Mix 50",
                "Eglucent Mix 50"
            ],
            "onset": "10-15 min",
            "peak": "Dual",
            "duration": "14-24 hrs",
            "tags": [
                "PREMIX",
                "RAPID_ONSET",
                "STRONG_PP_EFFECT"
            ]
        },
        {
            "name": "Ryzodeg (Degludec+Aspart)",
            "generic_name": "Insulin Degludec + Aspart",
            "type": "Co-formulation",
            "brand_names": [
                "Ryzodeg"
            ],
            "onset": "10-20 min",
            "peak": "Dual",
            "duration": ">24 hrs",
            "tags": [
                "CO_FORMULATION",
                "BASAL_PLUS",
                "LOW_HYPO_RISK",
                "FLEXIBLE_DOSING"
            ]
        }
    ]
}